maintenance_id,machine_id,maintenance_date,maintenance_type,maintenance_cost
MT00001,M002,2025-04-02,Inspection,90.2
MT00002,M002,2025-06-19,Corrective,1054.81
MT00003,M009,2025-01-16,Inspection,113.28
MT00004,M007,2025-12-13,Corrective,1249.35
MT00005,M008,2025-05-09,Preventive,668.84
MT00006,M007,2025-05-08,Preventive,344.31
MT00007,M003,2025-11-21,Preventive,340.03
MT00008,M017,2025-11-17,Preventive,522.02
MT00009,M013,2025-09-04,Inspection,131.98
MT00010,M016,2025-02-08,Inspection,273.77
MT00011,M010,2025-12-04,Inspection,312.82
MT00012,M004,2025-11-25,Corrective,473.63
MT00013,M016,2025-02-23,Corrective,2273.92
MT00014,M003,2025-10-05,Inspection,306.73
MT00015,M011,2025-02-14,Emergency,4938.25
MT00016,M014,2025-09-09,Corrective,895.48
MT00017,M002,2025-04-26,Preventive,580.58
MT00018,M003,2025-05-21,Corrective,1706.87
MT00019,M011,2025-08-03,Corrective,593.34
MT00020,M016,2025-07-22,Preventive,209.74
MT00021,M014,2025-06-29,Corrective,1064.47
MT00022,M014,2025-12-20,Corrective,2035.62
MT00023,M007,2025-08-12,Preventive,437.11
MT00024,M015,2025-07-10,Corrective,1371.23
MT00025,M015,2025-12-13,Inspection,119.35
MT00026,M019,2025-02-03,Corrective,2431.57
MT00027,M020,2025-12-22,Corrective,2054.24
MT00028,M016,2025-09-10,Preventive,150.68
MT00029,M001,2025-09-08,Corrective,666.61
MT00030,M014,2025-11-28,Preventive,653.66
MT00031,M006,2025-05-22,Preventive,437.6
MT00032,M001,2025-05-29,Emergency,3797.58
MT00033,M018,2025-01-06,Preventive,473.04
MT00034,M014,2025-11-23,Inspection,396.03
MT00035,M011,2025-05-27,Preventive,691.77
MT00036,M003,2025-06-07,Corrective,1783.24
MT00037,M010,2025-10-04,Preventive,540.68
MT00038,M009,2025-09-19,Corrective,1664.66
MT00039,M001,2025-04-10,Corrective,839.99
MT00040,M013,2025-10-25,Preventive,509.39
MT00041,M001,2025-07-26,Corrective,1761.16
MT00042,M012,2025-04-16,Corrective,2437.23
MT00043,M010,2025-09-09,Corrective,1088.13
MT00044,M013,2025-12-28,Corrective,2262.33
MT00045,M005,2025-04-20,Preventive,319.43
MT00046,M001,2025-08-03,Preventive,742.16
MT00047,M005,2025-02-27,Preventive,262.65
MT00048,M009,2025-08-24,Preventive,199.42
MT00049,M010,2025-03-25,Preventive,639.1
MT00050,M001,2025-12-21,Inspection,263.04
MT00051,M015,2025-06-11,Preventive,301.07
MT00052,M005,2025-05-27,Inspection,291.04
MT00053,M005,2025-08-06,Preventive,675.17
MT00054,M014,2025-05-10,Corrective,405.13
MT00055,M017,2025-10-12,Preventive,188.6
MT00056,M005,2025-02-05,Preventive,315.79
MT00057,M017,2025-09-27,Inspection,296.63
MT00058,M015,2025-08-08,Preventive,575.91
MT00059,M013,2025-05-03,Corrective,1686.48
MT00060,M008,2025-11-05,Preventive,641.3
MT00061,M008,2025-11-10,Inspection,241.75
MT00062,M014,2025-04-11,Corrective,1563.22
MT00063,M013,2025-04-18,Corrective,1496.21
MT00064,M017,2025-09-29,Preventive,229.79
MT00065,M014,2025-08-18,Preventive,778.4
MT00066,M013,2025-02-22,Emergency,2394.37
MT00067,M002,2025-03-14,Preventive,469.25
MT00068,M020,2025-11-22,Corrective,894.82
MT00069,M008,2025-10-06,Emergency,3931.02
MT00070,M019,2025-07-04,Preventive,542.36
MT00071,M017,2025-01-13,Preventive,316.17
MT00072,M007,2025-11-02,Preventive,754.21
MT00073,M020,2025-05-29,Preventive,621.05
MT00074,M015,2025-01-30,Corrective,723.33
MT00075,M014,2025-03-20,Preventive,270.31
MT00076,M015,2025-02-15,Inspection,209.33
MT00077,M015,2025-08-22,Corrective,2093.73
MT00078,M015,2025-10-03,Inspection,294.62
MT00079,M016,2025-04-28,Corrective,558.0
MT00080,M002,2025-02-04,Emergency,2435.53
MT00081,M014,2025-10-23,Preventive,475.9
MT00082,M008,2025-10-21,Inspection,149.51
MT00083,M016,2025-07-05,Preventive,332.41
MT00084,M009,2025-12-09,Preventive,241.19
MT00085,M008,2025-03-02,Preventive,307.05
MT00086,M016,2025-05-24,Emergency,2992.39
MT00087,M017,2025-07-19,Preventive,498.75
MT00088,M018,2025-11-07,Preventive,685.49
MT00089,M005,2025-07-21,Preventive,527.21
MT00090,M012,2025-01-11,Preventive,781.63
MT00091,M013,2025-04-04,Preventive,701.51
MT00092,M016,2025-11-03,Corrective,2007.51
MT00093,M017,2025-07-23,Corrective,1077.88
MT00094,M018,2025-01-06,Corrective,2350.37
MT00095,M008,2025-12-28,Preventive,480.28
MT00096,M017,2025-12-31,Corrective,2027.04
MT00097,M020,2025-01-05,Preventive,677.67
MT00098,M019,2025-09-19,Preventive,254.68
MT00099,M011,2025-12-24,Emergency,3760.35
MT00100,M009,2025-06-17,Preventive,550.62
MT00101,M015,2025-06-08,Corrective,1970.04
MT00102,M016,2025-06-26,Corrective,1186.89
MT00103,M011,2025-04-26,Inspection,155.15
MT00104,M020,2025-07-15,Inspection,260.91
MT00105,M016,2025-02-21,Corrective,1448.88
MT00106,M015,2025-10-21,Corrective,1358.7
MT00107,M014,2025-03-18,Preventive,349.86
MT00108,M003,2025-07-13,Corrective,1988.03
MT00109,M008,2025-06-15,Emergency,4799.21
MT00110,M001,2025-01-06,Preventive,238.28
MT00111,M016,2025-07-06,Corrective,2168.98
MT00112,M014,2025-11-10,Corrective,1856.97
MT00113,M002,2025-05-05,Inspection,367.08
MT00114,M008,2025-02-25,Preventive,716.05
MT00115,M001,2025-07-13,Corrective,645.73
MT00116,M003,2025-08-11,Corrective,725.38
MT00117,M001,2025-01-20,Corrective,514.79
MT00118,M020,2025-07-26,Corrective,1836.57
MT00119,M012,2025-06-28,Preventive,753.16
MT00120,M006,2025-04-23,Inspection,356.78
MT00121,M012,2025-05-13,Preventive,763.51
MT00122,M006,2025-06-23,Preventive,232.66
MT00123,M018,2025-06-05,Corrective,2469.78
MT00124,M003,2025-06-08,Preventive,273.2
MT00125,M003,2025-10-20,Corrective,2310.87
MT00126,M007,2025-07-25,Corrective,838.08
MT00127,M003,2025-01-27,Preventive,355.94
MT00128,M002,2025-10-26,Preventive,463.06
MT00129,M014,2025-06-28,Corrective,1655.25
MT00130,M014,2025-12-29,Preventive,684.44
MT00131,M004,2025-04-17,Preventive,573.01
MT00132,M017,2025-02-02,Inspection,352.51
MT00133,M017,2025-05-30,Preventive,571.28
MT00134,M007,2025-02-02,Corrective,2461.15
MT00135,M020,2025-12-18,Preventive,298.98
MT00136,M009,2025-09-29,Preventive,354.08
MT00137,M017,2025-10-07,Preventive,528.95
MT00138,M013,2025-10-25,Inspection,123.19
MT00139,M008,2025-10-23,Emergency,1029.78
MT00140,M010,2025-11-25,Preventive,186.67
MT00141,M012,2025-03-15,Preventive,180.77
MT00142,M018,2025-07-16,Inspection,379.42
MT00143,M005,2025-02-24,Corrective,1770.48
MT00144,M018,2025-01-28,Preventive,380.03
MT00145,M011,2025-09-28,Corrective,953.23
MT00146,M009,2025-10-10,Preventive,327.02
MT00147,M008,2025-01-08,Corrective,1541.59
MT00148,M010,2025-08-08,Preventive,448.39
MT00149,M016,2025-11-15,Inspection,285.27
MT00150,M012,2025-01-27,Corrective,932.32
MT00151,M016,2025-08-23,Preventive,174.01
MT00152,M008,2025-07-24,Preventive,167.84
MT00153,M013,2025-01-25,Inspection,398.91
MT00154,M010,2025-10-27,Corrective,971.65
MT00155,M012,2025-07-20,Inspection,83.36
MT00156,M008,2025-02-19,Preventive,746.03
MT00157,M012,2025-01-27,Preventive,708.84
MT00158,M012,2025-08-10,Inspection,89.31
MT00159,M017,2025-06-28,Corrective,2190.4
MT00160,M015,2025-11-26,Preventive,428.33
MT00161,M019,2025-09-06,Corrective,846.8
MT00162,M008,2025-09-01,Corrective,1625.64
MT00163,M009,2025-11-05,Preventive,296.74
MT00164,M019,2025-03-19,Inspection,93.33
MT00165,M005,2025-04-08,Preventive,203.72
MT00166,M013,2025-10-18,Corrective,2096.86
MT00167,M001,2025-01-10,Corrective,689.98
MT00168,M009,2025-08-05,Emergency,2988.36
MT00169,M008,2025-06-07,Preventive,259.42
MT00170,M019,2025-02-21,Preventive,181.97
MT00171,M005,2025-08-12,Corrective,892.56
MT00172,M018,2025-08-19,Preventive,220.89
MT00173,M008,2025-04-23,Emergency,1029.74
MT00174,M009,2025-10-03,Preventive,390.5
MT00175,M018,2025-03-25,Preventive,748.89
MT00176,M013,2025-01-07,Preventive,290.96
MT00177,M006,2025-04-11,Corrective,1481.44
MT00178,M012,2025-05-16,Corrective,1275.38
MT00179,M018,2025-07-26,Emergency,2570.74
MT00180,M011,2025-09-30,Preventive,748.11
MT00181,M012,2025-01-21,Preventive,739.82
MT00182,M007,2025-10-22,Corrective,1543.4
MT00183,M012,2025-06-17,Corrective,2216.83
MT00184,M011,2025-01-28,Emergency,2078.24
MT00185,M011,2025-12-17,Corrective,1353.52
MT00186,M002,2025-02-24,Corrective,2418.9
MT00187,M009,2025-08-21,Corrective,1700.37
MT00188,M017,2025-02-24,Inspection,393.56
MT00189,M004,2025-02-28,Preventive,770.86
MT00190,M003,2025-05-19,Preventive,727.59
MT00191,M009,2025-12-03,Corrective,632.1
MT00192,M014,2025-02-17,Preventive,747.16
MT00193,M013,2025-08-01,Inspection,205.08
MT00194,M010,2025-10-02,Corrective,2199.01
MT00195,M008,2025-06-10,Corrective,2032.28
MT00196,M008,2025-11-21,Corrective,1445.01
MT00197,M012,2025-09-12,Preventive,542.92
MT00198,M002,2025-06-30,Corrective,754.24
MT00199,M005,2025-04-28,Preventive,301.44
MT00200,M014,2025-10-15,Preventive,267.65
MT00201,M009,2025-07-15,Preventive,481.74
MT00202,M004,2025-06-08,Corrective,1505.63
MT00203,M013,2025-07-20,Preventive,726.22
MT00204,M013,2025-10-08,Corrective,857.64
MT00205,M002,2025-06-21,Corrective,1784.33
MT00206,M012,2025-04-16,Preventive,203.34
MT00207,M007,2025-04-13,Preventive,374.58
MT00208,M015,2025-02-28,Inspection,366.94
MT00209,M010,2025-03-25,Corrective,1397.12
MT00210,M019,2025-06-02,Preventive,662.67
MT00211,M006,2025-08-17,Preventive,297.33
MT00212,M004,2025-11-14,Inspection,234.43
MT00213,M014,2025-07-14,Preventive,512.42
MT00214,M018,2025-03-29,Preventive,371.73
MT00215,M009,2025-09-25,Emergency,3646.11
MT00216,M011,2025-03-03,Preventive,602.54
MT00217,M001,2025-12-15,Corrective,1508.22
MT00218,M001,2025-06-07,Preventive,712.42
MT00219,M005,2025-04-10,Corrective,1606.88
MT00220,M016,2025-08-03,Preventive,375.69
MT00221,M019,2025-06-24,Preventive,521.63
MT00222,M017,2025-01-29,Preventive,733.84
MT00223,M011,2025-05-29,Preventive,230.81
MT00224,M011,2025-09-17,Preventive,319.46
MT00225,M005,2025-06-10,Preventive,338.11
MT00226,M017,2025-07-08,Emergency,4832.76
MT00227,M009,2025-05-02,Preventive,153.94
MT00228,M003,2025-08-07,Inspection,294.67
MT00229,M013,2025-01-25,Inspection,160.61
MT00230,M011,2025-03-02,Preventive,288.02
MT00231,M012,2025-05-06,Corrective,2170.61
MT00232,M012,2025-01-11,Preventive,397.76
MT00233,M004,2025-02-18,Preventive,396.74
MT00234,M012,2025-06-02,Emergency,4524.36
MT00235,M014,2025-04-27,Preventive,732.12
MT00236,M020,2025-09-23,Preventive,207.61
MT00237,M016,2025-05-17,Preventive,479.44
MT00238,M016,2025-01-08,Corrective,633.68
MT00239,M004,2025-07-11,Corrective,1779.67
MT00240,M004,2025-06-03,Emergency,2246.51
MT00241,M019,2025-07-03,Preventive,707.15
MT00242,M018,2025-11-30,Preventive,653.62
MT00243,M007,2025-10-05,Corrective,1205.69
MT00244,M015,2025-01-19,Emergency,1699.36
MT00245,M003,2025-07-21,Preventive,699.19
MT00246,M009,2025-09-22,Preventive,306.81
MT00247,M003,2025-09-24,Corrective,1203.5
MT00248,M005,2025-10-04,Preventive,707.44
MT00249,M001,2025-03-28,Emergency,4292.72
MT00250,M001,2025-11-06,Preventive,661.97
MT00251,M011,2025-07-17,Preventive,152.08
MT00252,M013,2025-01-12,Corrective,1810.29
MT00253,M004,2025-05-14,Preventive,588.15
MT00254,M003,2025-11-11,Preventive,695.11
MT00255,M002,2025-09-03,Preventive,168.54
MT00256,M013,2025-09-10,Corrective,902.23
MT00257,M015,2025-03-13,Inspection,138.67
MT00258,M008,2025-04-16,Inspection,346.47
MT00259,M002,2025-11-10,Inspection,163.75
MT00260,M013,2025-04-17,Preventive,728.89
MT00261,M009,2025-06-19,Corrective,1375.09
MT00262,M005,2025-07-02,Preventive,256.8
MT00263,M009,2025-12-03,Emergency,3358.82
MT00264,M012,2025-01-27,Emergency,4444.86
MT00265,M007,2025-10-16,Corrective,2014.62
MT00266,M012,2025-07-09,Preventive,676.08
MT00267,M005,2025-10-28,Preventive,423.53
MT00268,M002,2025-11-21,Preventive,614.76
MT00269,M015,2025-11-09,Corrective,728.3
MT00270,M011,2025-05-11,Inspection,108.71
MT00271,M004,2025-12-02,Corrective,2325.41
MT00272,M003,2025-07-18,Preventive,545.21
MT00273,M014,2025-02-15,Corrective,1171.09
MT00274,M006,2025-06-08,Corrective,1866.08
MT00275,M006,2025-05-28,Inspection,216.97
MT00276,M018,2025-01-22,Preventive,639.11
MT00277,M006,2025-10-22,Corrective,797.61
MT00278,M015,2025-05-13,Preventive,545.99
MT00279,M020,2025-11-12,Preventive,357.48
MT00280,M018,2025-10-21,Preventive,517.4
MT00281,M016,2025-03-21,Preventive,331.17
MT00282,M020,2025-09-06,Preventive,326.01
MT00283,M013,2025-08-16,Corrective,1169.06
MT00284,M017,2025-02-22,Preventive,587.58
MT00285,M014,2025-11-13,Corrective,823.88
MT00286,M014,2025-04-07,Preventive,425.22
MT00287,M003,2025-08-21,Preventive,627.88
MT00288,M003,2025-02-10,Preventive,309.5
MT00289,M017,2025-11-26,Inspection,237.76
MT00290,M009,2025-04-18,Corrective,774.96
MT00291,M017,2025-06-04,Preventive,289.41
MT00292,M011,2025-06-21,Preventive,640.44
MT00293,M017,2025-08-21,Preventive,492.15
MT00294,M014,2025-11-18,Preventive,725.62
MT00295,M005,2025-04-13,Corrective,1160.24
MT00296,M007,2025-07-10,Inspection,91.49
MT00297,M008,2025-04-09,Emergency,4727.87
MT00298,M003,2025-06-23,Preventive,378.78
MT00299,M010,2025-09-08,Preventive,663.34
MT00300,M001,2025-08-04,Emergency,4761.31
MT00301,M019,2025-08-10,Emergency,3561.28
MT00302,M005,2025-12-31,Corrective,2441.46
MT00303,M012,2025-05-11,Corrective,1399.23
MT00304,M004,2025-06-14,Preventive,161.17
MT00305,M003,2025-01-24,Corrective,481.68
MT00306,M006,2025-04-20,Inspection,137.44
MT00307,M007,2025-02-22,Corrective,1622.47
MT00308,M004,2025-07-06,Preventive,709.11
MT00309,M008,2025-08-02,Corrective,686.44
MT00310,M009,2025-03-20,Corrective,607.32
MT00311,M014,2025-03-06,Emergency,4275.36
MT00312,M005,2025-11-18,Preventive,223.96
MT00313,M016,2025-05-16,Preventive,219.16
MT00314,M011,2025-11-27,Preventive,231.01
MT00315,M018,2025-11-13,Preventive,710.22
MT00316,M002,2025-09-10,Corrective,2008.14
MT00317,M012,2025-02-10,Corrective,1999.27
MT00318,M014,2025-02-21,Preventive,498.88
MT00319,M006,2025-04-06,Preventive,609.07
MT00320,M012,2025-07-21,Preventive,665.51
MT00321,M002,2025-08-01,Corrective,836.01
MT00322,M019,2025-07-18,Inspection,305.82
MT00323,M011,2025-02-14,Preventive,438.88
MT00324,M006,2025-10-18,Corrective,820.53
MT00325,M010,2025-10-08,Preventive,371.48
MT00326,M018,2025-03-12,Corrective,1932.12
MT00327,M006,2025-08-12,Corrective,1723.01
MT00328,M007,2025-01-04,Inspection,185.51
MT00329,M019,2025-05-26,Preventive,301.27
MT00330,M020,2025-11-15,Corrective,1521.56
MT00331,M003,2025-09-18,Corrective,1659.39
MT00332,M018,2025-07-11,Preventive,433.81
MT00333,M019,2025-10-19,Emergency,3285.73
MT00334,M017,2025-10-17,Preventive,767.95
MT00335,M004,2025-10-19,Emergency,4547.66
MT00336,M018,2025-11-18,Corrective,2437.07
MT00337,M013,2025-12-16,Corrective,647.19
MT00338,M003,2025-05-01,Emergency,3394.5
MT00339,M005,2025-12-06,Preventive,337.9
MT00340,M016,2025-07-05,Preventive,701.26
MT00341,M013,2025-06-17,Corrective,2302.67
MT00342,M007,2025-08-20,Preventive,281.76
MT00343,M017,2025-08-31,Preventive,653.87
MT00344,M014,2025-10-31,Corrective,2421.87
MT00345,M018,2025-09-14,Preventive,389.83
MT00346,M009,2025-10-04,Inspection,148.01
MT00347,M003,2025-02-15,Preventive,188.59
MT00348,M012,2025-12-10,Corrective,2212.79
MT00349,M020,2025-02-13,Preventive,314.49
MT00350,M020,2025-08-25,Preventive,757.67
MT00351,M010,2025-07-06,Corrective,1973.01
MT00352,M012,2025-02-10,Preventive,435.32
MT00353,M007,2025-02-03,Corrective,1828.68
MT00354,M015,2025-12-05,Inspection,185.77
MT00355,M018,2025-08-01,Preventive,793.3
MT00356,M020,2025-06-19,Corrective,1347.87
MT00357,M017,2025-04-07,Emergency,2197.57
MT00358,M007,2025-05-11,Emergency,1399.31
MT00359,M011,2025-10-18,Preventive,258.59
MT00360,M018,2025-02-21,Preventive,431.61
MT00361,M001,2025-08-06,Preventive,641.79
MT00362,M002,2025-09-20,Preventive,593.38
MT00363,M020,2025-01-25,Corrective,1627.97
MT00364,M010,2025-06-12,Preventive,634.35
MT00365,M002,2025-05-30,Preventive,512.93
MT00366,M008,2025-01-08,Corrective,1816.45
MT00367,M006,2025-09-03,Corrective,2437.58
MT00368,M008,2025-12-19,Preventive,659.34
MT00369,M006,2025-05-11,Preventive,261.64
MT00370,M005,2025-07-30,Preventive,358.17
MT00371,M019,2025-05-17,Corrective,1953.58
MT00372,M007,2025-04-02,Preventive,539.81
MT00373,M010,2025-07-23,Preventive,232.22
MT00374,M003,2025-01-14,Corrective,1352.45
MT00375,M005,2025-12-29,Corrective,1171.56
MT00376,M013,2025-05-02,Emergency,3111.69
MT00377,M006,2025-06-22,Inspection,224.71
MT00378,M006,2025-08-10,Corrective,440.24
MT00379,M018,2025-02-20,Corrective,614.42
MT00380,M013,2025-03-20,Preventive,403.37
MT00381,M018,2025-05-13,Inspection,92.52
MT00382,M001,2025-09-07,Preventive,545.19
MT00383,M001,2025-08-28,Corrective,1675.53
MT00384,M004,2025-12-12,Preventive,690.16
MT00385,M003,2025-12-18,Preventive,198.62
MT00386,M008,2025-06-24,Corrective,646.33
MT00387,M012,2025-01-29,Preventive,731.95
MT00388,M016,2025-05-03,Corrective,403.58
MT00389,M008,2025-07-19,Preventive,454.01
MT00390,M018,2025-09-03,Emergency,2843.04
MT00391,M003,2025-07-08,Preventive,470.02
MT00392,M011,2025-01-19,Corrective,883.88
MT00393,M007,2025-04-27,Preventive,751.22
MT00394,M013,2025-04-06,Preventive,524.0
MT00395,M009,2025-08-01,Preventive,745.53
MT00396,M008,2025-02-04,Preventive,195.47
MT00397,M020,2025-02-21,Preventive,419.47
MT00398,M018,2025-04-27,Corrective,1976.18
MT00399,M005,2025-12-21,Preventive,417.96
MT00400,M012,2025-08-10,Preventive,346.71
MT00401,M020,2025-04-19,Preventive,169.08
MT00402,M010,2025-04-16,Corrective,1851.98
MT00403,M012,2025-03-02,Preventive,683.62
MT00404,M013,2025-11-24,Preventive,430.87
MT00405,M010,2025-02-15,Preventive,422.16
MT00406,M003,2025-12-28,Preventive,635.48
MT00407,M006,2025-06-04,Preventive,484.77
MT00408,M005,2025-11-24,Preventive,722.88
MT00409,M010,2025-12-18,Preventive,482.48
MT00410,M020,2025-06-14,Corrective,1338.39
MT00411,M009,2025-11-10,Corrective,1651.79
MT00412,M015,2025-07-28,Preventive,446.45
MT00413,M008,2025-10-09,Preventive,375.24
MT00414,M016,2025-03-03,Corrective,400.26
MT00415,M001,2025-12-16,Preventive,770.49
MT00416,M007,2025-05-28,Preventive,754.26
MT00417,M009,2025-11-25,Preventive,176.59
MT00418,M015,2025-06-07,Preventive,476.97
MT00419,M015,2025-01-05,Inspection,364.79
MT00420,M007,2025-01-08,Preventive,242.13
MT00421,M007,2025-11-21,Preventive,572.98
MT00422,M004,2025-10-20,Preventive,712.68
MT00423,M013,2025-12-12,Preventive,766.55
MT00424,M014,2025-11-18,Preventive,757.32
MT00425,M005,2025-03-27,Corrective,1933.75
MT00426,M013,2025-04-06,Emergency,4788.82
MT00427,M010,2025-05-14,Corrective,825.67
MT00428,M016,2025-09-07,Preventive,547.28
MT00429,M010,2025-08-10,Corrective,1218.73
MT00430,M006,2025-11-19,Inspection,203.65
MT00431,M007,2025-09-21,Preventive,153.1
MT00432,M007,2025-02-15,Corrective,863.26
MT00433,M018,2025-09-07,Corrective,1946.96
MT00434,M004,2025-10-09,Emergency,4319.45
MT00435,M014,2025-01-01,Preventive,583.09
MT00436,M019,2025-09-05,Preventive,400.12
MT00437,M010,2025-06-01,Inspection,279.39
MT00438,M010,2025-10-04,Preventive,627.58
MT00439,M004,2025-07-01,Preventive,783.54
MT00440,M018,2025-01-22,Inspection,170.61
MT00441,M005,2025-06-17,Emergency,2593.31
MT00442,M006,2025-08-03,Corrective,2165.42
MT00443,M011,2025-09-14,Corrective,1892.46
MT00444,M003,2025-02-06,Preventive,639.66
MT00445,M013,2025-10-17,Emergency,1279.74
MT00446,M020,2025-07-08,Corrective,2248.7
MT00447,M015,2025-03-22,Corrective,1508.44
MT00448,M017,2025-01-24,Emergency,2339.95
MT00449,M001,2025-01-23,Preventive,274.3
MT00450,M008,2025-12-27,Inspection,171.39
MT00451,M003,2025-09-05,Corrective,564.54
MT00452,M007,2025-01-26,Preventive,165.94
MT00453,M008,2025-11-29,Preventive,717.62
MT00454,M012,2025-11-17,Inspection,284.3
MT00455,M004,2025-06-19,Corrective,1857.88
MT00456,M005,2025-03-13,Corrective,2461.26
MT00457,M005,2025-01-19,Corrective,813.7
MT00458,M018,2025-04-15,Preventive,247.56
MT00459,M020,2025-04-25,Corrective,1819.07
MT00460,M004,2025-02-04,Preventive,772.25
MT00461,M020,2025-11-17,Inspection,266.42
MT00462,M008,2025-08-29,Emergency,3164.3
MT00463,M006,2025-12-05,Corrective,1321.91
MT00464,M015,2025-08-28,Preventive,762.42
MT00465,M001,2025-03-22,Preventive,562.63
MT00466,M019,2025-05-31,Preventive,650.75
MT00467,M010,2025-07-28,Preventive,316.23
MT00468,M013,2025-05-14,Inspection,188.42
MT00469,M013,2025-05-19,Preventive,250.9
MT00470,M003,2025-01-12,Preventive,351.13
MT00471,M018,2025-12-13,Emergency,3543.86
MT00472,M004,2025-10-17,Corrective,1633.98
MT00473,M002,2025-12-26,Preventive,262.56
MT00474,M003,2025-10-30,Corrective,837.82
MT00475,M008,2025-01-03,Corrective,2336.39
MT00476,M010,2025-04-22,Corrective,2286.7
MT00477,M004,2025-10-24,Corrective,1985.07
MT00478,M015,2025-02-08,Corrective,1640.85
MT00479,M001,2025-05-08,Inspection,280.21
MT00480,M009,2025-01-01,Emergency,3285.84
MT00481,M010,2025-06-23,Preventive,333.87
MT00482,M019,2025-03-29,Preventive,257.96
MT00483,M001,2025-10-13,Inspection,125.47
MT00484,M009,2025-09-24,Preventive,645.42
MT00485,M014,2025-02-27,Inspection,107.67
MT00486,M014,2025-07-13,Corrective,2098.71
MT00487,M017,2025-05-20,Inspection,317.11
MT00488,M004,2025-06-19,Emergency,4777.77
MT00489,M008,2025-12-02,Corrective,678.7
MT00490,M016,2025-09-17,Preventive,159.07
MT00491,M010,2025-06-13,Corrective,560.56
MT00492,M006,2025-05-05,Corrective,767.95
MT00493,M004,2025-06-21,Corrective,1909.32
MT00494,M018,2025-03-07,Preventive,286.72
MT00495,M014,2025-06-29,Preventive,302.27
MT00496,M004,2025-09-10,Corrective,1263.87
MT00497,M014,2025-05-23,Corrective,2127.27
MT00498,M004,2025-05-21,Inspection,343.39
MT00499,M020,2025-03-29,Corrective,523.27
MT00500,M006,2025-02-21,Inspection,346.26
MT00501,M011,2025-11-29,Preventive,488.92
MT00502,M004,2025-12-12,Inspection,348.5
MT00503,M003,2025-10-10,Preventive,745.21
MT00504,M013,2025-01-28,Preventive,179.67
MT00505,M012,2025-04-08,Inspection,159.99
MT00506,M019,2025-06-22,Corrective,2440.5
MT00507,M019,2025-09-18,Preventive,159.58
MT00508,M018,2025-05-19,Emergency,1454.75
MT00509,M011,2025-03-13,Corrective,1300.48
MT00510,M013,2025-02-11,Preventive,406.89
MT00511,M013,2025-03-15,Corrective,1578.06
MT00512,M018,2025-04-03,Corrective,1567.59
MT00513,M015,2025-08-28,Corrective,2412.49
MT00514,M020,2025-10-07,Preventive,279.19
MT00515,M016,2025-09-30,Preventive,585.17
MT00516,M012,2025-08-16,Corrective,2447.16
MT00517,M009,2025-01-07,Corrective,1396.07
MT00518,M018,2025-01-01,Emergency,1122.53
MT00519,M004,2025-09-22,Preventive,290.12
MT00520,M010,2025-12-27,Preventive,695.08
MT00521,M003,2025-03-30,Preventive,690.16
MT00522,M001,2025-06-04,Corrective,975.46
MT00523,M019,2025-06-01,Preventive,451.89
MT00524,M005,2025-11-17,Corrective,2072.45
MT00525,M010,2025-10-16,Preventive,526.77
MT00526,M003,2025-01-09,Inspection,269.04
MT00527,M020,2025-08-03,Corrective,874.76
MT00528,M002,2025-05-22,Preventive,317.91
MT00529,M003,2025-11-13,Preventive,278.77
MT00530,M015,2025-01-23,Preventive,654.44
MT00531,M001,2025-07-19,Preventive,401.61
MT00532,M013,2025-02-24,Preventive,511.63
MT00533,M010,2025-05-18,Inspection,334.78
MT00534,M005,2025-10-03,Corrective,2071.42
MT00535,M017,2025-01-16,Emergency,2954.99
MT00536,M017,2025-09-29,Preventive,747.11
MT00537,M018,2025-02-06,Corrective,1217.39
MT00538,M008,2025-07-21,Corrective,2039.56
MT00539,M002,2025-05-11,Inspection,184.5
MT00540,M010,2025-08-14,Preventive,474.0
MT00541,M008,2025-08-25,Preventive,657.34
MT00542,M013,2025-07-29,Inspection,128.87
MT00543,M003,2025-12-29,Emergency,2632.66
MT00544,M019,2025-12-05,Emergency,3708.12
MT00545,M016,2025-05-31,Emergency,3942.43
MT00546,M003,2025-03-22,Inspection,366.17
MT00547,M002,2025-01-15,Preventive,604.19
MT00548,M017,2025-07-19,Preventive,749.09
MT00549,M005,2025-05-05,Inspection,111.96
MT00550,M018,2025-10-07,Inspection,264.31
MT00551,M009,2025-06-27,Corrective,1925.96
MT00552,M010,2025-12-02,Preventive,462.93
MT00553,M003,2025-07-07,Corrective,2136.62
MT00554,M011,2025-03-23,Inspection,204.25
MT00555,M009,2025-06-27,Preventive,215.54
MT00556,M013,2025-08-08,Preventive,422.74
MT00557,M004,2025-02-18,Preventive,781.24
MT00558,M016,2025-03-02,Preventive,161.67
MT00559,M001,2025-09-25,Corrective,1854.43
MT00560,M019,2025-11-17,Corrective,802.7
MT00561,M016,2025-07-08,Corrective,1725.41
MT00562,M014,2025-04-06,Inspection,138.37
MT00563,M015,2025-06-23,Preventive,423.67
MT00564,M008,2025-06-28,Preventive,271.9
MT00565,M017,2025-11-07,Inspection,286.6
MT00566,M017,2025-10-02,Preventive,421.56
MT00567,M017,2025-09-16,Preventive,631.28
MT00568,M009,2025-04-08,Inspection,145.33
MT00569,M020,2025-03-16,Preventive,718.24
MT00570,M007,2025-09-11,Corrective,674.64
MT00571,M001,2025-03-05,Corrective,535.55
MT00572,M019,2025-05-04,Preventive,503.69
MT00573,M001,2025-04-22,Preventive,332.37
MT00574,M014,2025-01-25,Preventive,374.05
MT00575,M019,2025-06-08,Inspection,291.64
MT00576,M010,2025-01-09,Preventive,177.55
MT00577,M001,2025-06-23,Preventive,246.24
MT00578,M016,2025-06-30,Corrective,478.28
MT00579,M011,2025-11-03,Preventive,546.88
MT00580,M015,2025-03-15,Corrective,1944.45
MT00581,M013,2025-10-16,Preventive,275.39
MT00582,M020,2025-11-06,Inspection,324.06
MT00583,M007,2025-02-27,Corrective,2013.56
MT00584,M017,2025-08-04,Inspection,321.34
MT00585,M014,2025-04-07,Preventive,531.39
MT00586,M007,2025-08-01,Preventive,402.75
MT00587,M016,2025-08-16,Corrective,2259.48
MT00588,M015,2025-08-22,Emergency,2273.12
MT00589,M019,2025-11-03,Preventive,609.29
MT00590,M013,2025-12-11,Inspection,279.29
MT00591,M018,2025-07-03,Inspection,282.41
MT00592,M018,2025-08-25,Emergency,3915.59
MT00593,M004,2025-12-10,Corrective,1849.33
MT00594,M006,2025-05-13,Preventive,666.7
MT00595,M002,2025-08-30,Preventive,665.18
MT00596,M011,2025-08-30,Preventive,176.61
MT00597,M010,2025-08-09,Preventive,697.69
MT00598,M018,2025-10-01,Preventive,496.36
MT00599,M019,2025-07-17,Preventive,615.16
MT00600,M019,2025-01-13,Preventive,223.38
MT00601,M015,2025-10-23,Preventive,190.45
MT00602,M003,2025-05-23,Inspection,175.62
MT00603,M008,2025-03-28,Preventive,329.71
MT00604,M018,2025-11-16,Inspection,354.71
MT00605,M006,2025-04-19,Corrective,1546.24
MT00606,M010,2025-02-08,Emergency,1066.6
MT00607,M016,2025-07-19,Preventive,496.42
MT00608,M012,2025-12-18,Corrective,2165.44
MT00609,M006,2025-04-05,Preventive,462.99
MT00610,M017,2025-04-27,Preventive,579.55
MT00611,M011,2025-01-06,Preventive,654.77
MT00612,M017,2025-06-08,Preventive,334.15
MT00613,M006,2025-05-08,Emergency,4340.4
MT00614,M020,2025-01-22,Inspection,183.0
MT00615,M014,2025-11-04,Preventive,216.12
MT00616,M007,2025-08-24,Inspection,98.32
MT00617,M001,2025-08-30,Corrective,1603.08
MT00618,M019,2025-02-08,Corrective,1682.76
MT00619,M017,2025-11-21,Corrective,2174.89
MT00620,M014,2025-05-23,Preventive,194.3
MT00621,M012,2025-01-10,Corrective,648.01
MT00622,M012,2025-01-21,Preventive,412.58
MT00623,M013,2025-03-25,Preventive,236.45
MT00624,M020,2025-01-30,Emergency,1134.68
MT00625,M015,2025-09-27,Preventive,642.77
MT00626,M011,2025-10-30,Emergency,2494.48
MT00627,M009,2025-01-13,Inspection,175.3
MT00628,M013,2025-02-07,Preventive,591.95
MT00629,M012,2025-01-22,Emergency,3908.28
MT00630,M014,2025-03-22,Corrective,724.99
MT00631,M004,2025-04-06,Preventive,443.15
MT00632,M018,2025-10-04,Corrective,845.44
MT00633,M007,2025-12-25,Preventive,448.66
MT00634,M016,2025-03-02,Corrective,1888.61
MT00635,M015,2025-12-26,Corrective,787.95
MT00636,M005,2025-12-10,Inspection,365.13
MT00637,M020,2025-05-23,Corrective,805.93
MT00638,M015,2025-03-14,Preventive,729.26
MT00639,M014,2025-09-04,Emergency,2966.13
MT00640,M013,2025-11-10,Emergency,2551.87
MT00641,M006,2025-10-07,Preventive,330.24
MT00642,M005,2025-05-31,Corrective,1279.0
MT00643,M018,2025-10-15,Corrective,1929.14
MT00644,M016,2025-09-07,Preventive,714.35
MT00645,M012,2025-05-27,Preventive,494.28
MT00646,M018,2025-12-13,Corrective,1180.6
MT00647,M019,2025-06-03,Preventive,266.67
MT00648,M008,2025-03-12,Preventive,322.49
MT00649,M020,2025-10-03,Corrective,1803.7
MT00650,M012,2025-07-05,Preventive,243.85
MT00651,M007,2025-12-08,Corrective,1085.1
MT00652,M016,2025-02-14,Corrective,1513.62
MT00653,M003,2025-05-04,Preventive,327.93
MT00654,M016,2025-10-14,Emergency,2765.28
MT00655,M007,2025-08-16,Emergency,3336.76
MT00656,M001,2025-12-04,Corrective,805.86
MT00657,M006,2025-09-26,Corrective,1444.34
MT00658,M002,2025-10-19,Emergency,4499.54
MT00659,M017,2025-12-08,Corrective,1806.74
MT00660,M010,2025-08-13,Corrective,1933.9
MT00661,M011,2025-03-31,Emergency,3744.19
MT00662,M011,2025-01-16,Corrective,1388.4
MT00663,M005,2025-06-01,Preventive,684.9
MT00664,M014,2025-07-27,Preventive,364.8
MT00665,M011,2025-09-30,Corrective,2020.99
MT00666,M005,2025-06-27,Preventive,191.39
MT00667,M008,2025-02-06,Corrective,1895.81
MT00668,M017,2025-03-06,Corrective,1747.44
MT00669,M018,2025-09-05,Corrective,1972.34
MT00670,M014,2025-08-09,Corrective,1061.35
MT00671,M009,2025-02-25,Emergency,2746.8
MT00672,M004,2025-07-29,Inspection,238.13
MT00673,M020,2025-06-29,Corrective,1271.04
MT00674,M011,2025-01-19,Preventive,390.23
MT00675,M010,2025-03-26,Preventive,200.6
MT00676,M013,2025-03-10,Preventive,771.92
MT00677,M020,2025-07-11,Preventive,384.84
MT00678,M007,2025-09-06,Corrective,2331.13
MT00679,M008,2025-02-28,Preventive,240.72
MT00680,M015,2025-04-03,Preventive,615.79
MT00681,M003,2025-02-12,Preventive,475.32
MT00682,M009,2025-01-31,Preventive,540.49
MT00683,M018,2025-01-27,Preventive,315.11
MT00684,M011,2025-12-18,Preventive,383.94
MT00685,M010,2025-12-17,Corrective,1841.96
MT00686,M006,2025-04-21,Preventive,298.78
MT00687,M005,2025-11-07,Preventive,796.26
MT00688,M018,2025-12-28,Emergency,4168.06
MT00689,M013,2025-11-21,Preventive,527.1
MT00690,M008,2025-05-15,Corrective,1152.49
MT00691,M017,2025-09-20,Corrective,970.23
MT00692,M016,2025-11-04,Corrective,833.26
MT00693,M015,2025-10-23,Emergency,4570.21
MT00694,M011,2025-09-19,Preventive,427.54
MT00695,M007,2025-08-31,Preventive,453.06
MT00696,M010,2025-11-17,Preventive,405.04
MT00697,M012,2025-11-09,Corrective,1584.33
MT00698,M020,2025-11-11,Corrective,528.7
MT00699,M001,2025-07-24,Emergency,3294.68
MT00700,M002,2025-08-28,Corrective,2114.39
MT00701,M014,2025-03-17,Emergency,2164.06
MT00702,M018,2025-06-19,Corrective,2336.2
MT00703,M006,2025-10-30,Corrective,2470.5
MT00704,M013,2025-05-18,Inspection,370.53
MT00705,M017,2025-05-05,Preventive,594.81
MT00706,M002,2025-03-13,Corrective,1616.36
MT00707,M019,2025-03-30,Corrective,915.9
MT00708,M019,2025-10-18,Inspection,245.02
MT00709,M005,2025-12-17,Preventive,174.74
MT00710,M004,2025-02-07,Preventive,792.02
MT00711,M012,2025-11-27,Corrective,564.36
MT00712,M002,2025-07-16,Corrective,1081.88
MT00713,M011,2025-02-25,Corrective,746.86
MT00714,M001,2025-04-28,Corrective,2009.44
MT00715,M012,2025-08-20,Corrective,562.35
MT00716,M007,2025-01-28,Inspection,136.29
MT00717,M008,2025-08-09,Preventive,336.51
MT00718,M010,2025-08-26,Corrective,903.65
MT00719,M009,2025-08-07,Corrective,2249.38
MT00720,M008,2025-06-08,Preventive,200.46
MT00721,M007,2025-02-01,Inspection,124.9
MT00722,M012,2025-04-29,Corrective,2103.1
MT00723,M014,2025-05-05,Preventive,773.06
MT00724,M012,2025-09-04,Preventive,506.19
MT00725,M020,2025-10-03,Preventive,424.84
MT00726,M020,2025-05-23,Inspection,387.12
MT00727,M005,2025-08-03,Corrective,970.01
MT00728,M003,2025-02-17,Emergency,1597.02
MT00729,M017,2025-07-07,Emergency,3453.78
MT00730,M006,2025-04-11,Corrective,1847.58
MT00731,M004,2025-01-11,Corrective,961.19
MT00732,M011,2025-03-07,Emergency,2869.47
MT00733,M002,2025-12-06,Preventive,447.22
MT00734,M006,2025-11-14,Corrective,2167.46
MT00735,M011,2025-06-03,Preventive,345.29
MT00736,M020,2025-08-29,Preventive,776.45
MT00737,M004,2025-02-05,Preventive,393.01
MT00738,M017,2025-12-22,Emergency,4335.3
MT00739,M002,2025-04-18,Preventive,234.84
MT00740,M010,2025-03-22,Preventive,356.24
MT00741,M019,2025-08-08,Inspection,382.63
MT00742,M012,2025-08-07,Corrective,1478.45
MT00743,M001,2025-12-29,Preventive,670.21
MT00744,M012,2025-01-08,Preventive,510.61
MT00745,M016,2025-06-26,Corrective,684.01
MT00746,M016,2025-04-08,Corrective,1134.94
MT00747,M003,2025-04-06,Corrective,1672.48
MT00748,M004,2025-07-19,Preventive,634.84
MT00749,M015,2025-03-30,Preventive,679.16
MT00750,M018,2025-09-22,Emergency,1124.04
MT00751,M014,2025-05-08,Preventive,756.95
MT00752,M016,2025-11-23,Preventive,177.21
MT00753,M011,2025-11-29,Corrective,1615.5
MT00754,M004,2025-11-14,Preventive,516.08
MT00755,M009,2025-07-27,Corrective,863.32
MT00756,M008,2025-12-05,Emergency,2381.97
MT00757,M011,2025-03-15,Preventive,662.33
MT00758,M003,2025-03-30,Preventive,710.33
MT00759,M002,2025-09-18,Corrective,2417.12
MT00760,M005,2025-01-21,Corrective,775.44
MT00761,M005,2025-01-29,Preventive,637.37
MT00762,M008,2025-01-22,Corrective,1609.31
MT00763,M002,2025-07-03,Preventive,493.94
MT00764,M014,2025-09-28,Preventive,398.93
MT00765,M001,2025-08-17,Preventive,711.92
MT00766,M018,2025-05-27,Corrective,780.84
MT00767,M019,2025-08-27,Inspection,276.43
MT00768,M016,2025-02-21,Inspection,141.27
MT00769,M014,2025-01-23,Inspection,183.74
MT00770,M017,2025-07-26,Corrective,1166.64
MT00771,M006,2025-08-08,Inspection,228.75
MT00772,M001,2025-04-11,Preventive,305.11
MT00773,M010,2025-06-28,Preventive,734.81
MT00774,M007,2025-06-24,Preventive,232.32
MT00775,M002,2025-08-26,Inspection,378.62
MT00776,M005,2025-12-22,Corrective,2173.06
MT00777,M014,2025-05-21,Emergency,3433.67
MT00778,M011,2025-05-12,Inspection,218.01
MT00779,M014,2025-06-03,Preventive,396.28
MT00780,M009,2025-07-23,Inspection,211.76
MT00781,M017,2025-03-03,Preventive,348.26
MT00782,M001,2025-01-09,Preventive,693.98
MT00783,M015,2025-02-26,Preventive,321.01
MT00784,M016,2025-08-18,Corrective,1936.49
MT00785,M008,2025-01-09,Inspection,242.44
MT00786,M006,2025-04-02,Preventive,245.73
MT00787,M008,2025-12-06,Corrective,868.73
MT00788,M006,2025-08-07,Inspection,285.5
MT00789,M007,2025-03-14,Inspection,310.62
MT00790,M004,2025-05-18,Preventive,372.5
MT00791,M013,2025-03-02,Corrective,1175.06
MT00792,M014,2025-10-03,Emergency,1314.03
MT00793,M002,2025-12-24,Corrective,439.9
MT00794,M004,2025-06-29,Corrective,1512.31
MT00795,M009,2025-07-15,Preventive,474.73
MT00796,M007,2025-05-03,Corrective,2409.84
MT00797,M003,2025-09-18,Corrective,998.86
MT00798,M019,2025-03-07,Preventive,567.39
MT00799,M008,2025-07-19,Emergency,1344.78
MT00800,M012,2025-06-13,Emergency,3533.44
MT00801,M001,2025-12-13,Corrective,1457.09
MT00802,M011,2025-07-09,Corrective,1367.95
MT00803,M007,2025-02-20,Emergency,1438.59
MT00804,M018,2025-04-25,Corrective,685.21
MT00805,M018,2025-04-09,Corrective,989.83
MT00806,M011,2025-05-12,Preventive,160.74
MT00807,M018,2025-12-08,Preventive,206.97
MT00808,M010,2025-09-17,Preventive,704.2
MT00809,M006,2025-10-09,Emergency,3464.55
MT00810,M009,2025-03-24,Emergency,4963.23
MT00811,M016,2025-08-21,Preventive,710.17
MT00812,M016,2025-08-18,Preventive,579.72
MT00813,M012,2025-02-04,Preventive,275.19
MT00814,M019,2025-01-23,Preventive,466.15
MT00815,M008,2025-04-05,Corrective,565.93
MT00816,M013,2025-01-20,Corrective,746.56
MT00817,M011,2025-11-28,Corrective,1278.64
MT00818,M020,2025-11-03,Corrective,1973.99
MT00819,M010,2025-08-11,Corrective,643.24
MT00820,M013,2025-08-11,Corrective,422.44
MT00821,M004,2025-07-04,Preventive,205.21
MT00822,M019,2025-10-12,Preventive,234.28
MT00823,M016,2025-02-14,Corrective,1057.75
MT00824,M012,2025-08-09,Preventive,515.36
MT00825,M016,2025-05-02,Preventive,359.15
MT00826,M007,2025-04-12,Corrective,637.06
MT00827,M005,2025-05-15,Corrective,1453.35
MT00828,M019,2025-10-30,Preventive,211.39
MT00829,M016,2025-12-18,Preventive,357.85
MT00830,M007,2025-07-22,Corrective,925.71
MT00831,M019,2025-06-12,Corrective,2414.72
MT00832,M006,2025-05-24,Corrective,762.34
MT00833,M019,2025-08-02,Inspection,365.08
MT00834,M011,2025-10-21,Corrective,2024.89
MT00835,M002,2025-09-28,Inspection,83.47
MT00836,M018,2025-06-29,Corrective,2031.9
MT00837,M008,2025-07-08,Preventive,315.07
MT00838,M002,2025-05-29,Corrective,1464.61
MT00839,M010,2025-06-28,Inspection,393.92
MT00840,M003,2025-10-07,Preventive,730.88
MT00841,M006,2025-04-06,Preventive,758.26
MT00842,M007,2025-08-15,Corrective,1005.97
MT00843,M007,2025-09-12,Corrective,689.14
MT00844,M018,2025-09-14,Preventive,207.81
MT00845,M016,2025-12-06,Corrective,1349.03
MT00846,M008,2025-02-18,Preventive,334.92
MT00847,M016,2025-03-31,Preventive,716.62
MT00848,M010,2025-08-12,Preventive,357.57
MT00849,M020,2025-05-14,Preventive,193.13
MT00850,M001,2025-05-20,Corrective,437.74
MT00851,M001,2025-02-01,Preventive,719.71
MT00852,M002,2025-02-16,Preventive,691.78
MT00853,M004,2025-12-18,Corrective,980.2
MT00854,M009,2025-10-08,Corrective,2322.99
MT00855,M008,2025-02-10,Preventive,692.53
MT00856,M004,2025-11-25,Corrective,1145.97
MT00857,M003,2025-11-22,Corrective,1618.47
MT00858,M005,2025-08-27,Inspection,165.3
MT00859,M014,2025-05-08,Corrective,2396.2
MT00860,M017,2025-06-15,Preventive,625.43
MT00861,M019,2025-06-08,Preventive,728.17
MT00862,M018,2025-07-11,Emergency,3977.4
MT00863,M013,2025-04-11,Preventive,763.61
MT00864,M010,2025-11-14,Inspection,235.96
MT00865,M019,2025-01-23,Emergency,1417.07
MT00866,M004,2025-09-21,Corrective,1666.84
MT00867,M001,2025-12-24,Corrective,2217.99
MT00868,M017,2025-04-25,Preventive,727.2
MT00869,M004,2025-07-12,Preventive,518.27
MT00870,M019,2025-10-01,Corrective,1195.06
MT00871,M013,2025-02-06,Preventive,417.43
MT00872,M013,2025-11-12,Corrective,1932.28
MT00873,M006,2025-10-21,Inspection,313.19
MT00874,M001,2025-08-23,Inspection,296.02
MT00875,M014,2025-09-15,Inspection,302.73
MT00876,M010,2025-07-12,Preventive,752.11
MT00877,M020,2025-08-06,Preventive,442.45
MT00878,M020,2025-12-06,Emergency,4634.44
MT00879,M016,2025-08-26,Corrective,849.28
MT00880,M017,2025-12-07,Inspection,85.02
MT00881,M014,2025-08-25,Preventive,490.91
MT00882,M008,2025-04-09,Corrective,2038.72
MT00883,M008,2025-05-01,Inspection,261.1
MT00884,M010,2025-05-23,Corrective,1851.55
MT00885,M014,2025-12-07,Corrective,1447.39
MT00886,M011,2025-09-14,Preventive,441.72
MT00887,M018,2025-08-17,Preventive,738.06
MT00888,M013,2025-07-08,Preventive,151.96
MT00889,M015,2025-07-04,Preventive,796.74
MT00890,M008,2025-04-18,Preventive,291.61
MT00891,M015,2025-11-23,Preventive,592.29
MT00892,M017,2025-10-26,Preventive,491.44
MT00893,M006,2025-01-08,Emergency,3353.69
MT00894,M016,2025-06-27,Preventive,408.93
MT00895,M017,2025-04-22,Preventive,499.36
MT00896,M002,2025-09-13,Inspection,220.36
MT00897,M020,2025-10-26,Corrective,2045.77
MT00898,M007,2025-01-06,Preventive,595.24
MT00899,M010,2025-11-29,Preventive,296.15
MT00900,M003,2025-06-06,Preventive,515.92
MT00901,M015,2025-09-09,Preventive,151.98
MT00902,M010,2025-10-07,Emergency,3164.94
MT00903,M004,2025-07-23,Corrective,1876.85
MT00904,M017,2025-03-23,Preventive,560.31
MT00905,M009,2025-10-27,Preventive,281.33
MT00906,M002,2025-07-11,Inspection,390.38
MT00907,M005,2025-05-09,Preventive,560.24
MT00908,M015,2025-12-22,Inspection,137.12
MT00909,M013,2025-01-06,Corrective,744.3
MT00910,M003,2025-12-07,Corrective,2269.86
MT00911,M004,2025-05-07,Preventive,391.92
MT00912,M002,2025-07-23,Preventive,190.97
MT00913,M015,2025-11-14,Preventive,227.2
MT00914,M011,2025-02-26,Preventive,615.28
MT00915,M006,2025-10-21,Inspection,309.26
MT00916,M003,2025-01-24,Corrective,2311.12
MT00917,M001,2025-11-08,Corrective,714.68
MT00918,M018,2025-02-10,Preventive,528.7
MT00919,M002,2025-07-23,Preventive,274.02
MT00920,M003,2025-06-09,Preventive,457.89
MT00921,M016,2025-06-01,Preventive,734.43
MT00922,M009,2025-05-12,Emergency,2630.82
MT00923,M011,2025-06-26,Preventive,205.83
MT00924,M007,2025-04-04,Emergency,4734.42
MT00925,M003,2025-06-24,Preventive,419.77
MT00926,M003,2025-06-04,Corrective,1132.78
MT00927,M001,2025-07-30,Preventive,598.67
MT00928,M017,2025-07-15,Preventive,417.84
MT00929,M011,2025-06-07,Corrective,440.06
MT00930,M009,2025-08-17,Emergency,1835.17
MT00931,M011,2025-04-02,Inspection,351.11
MT00932,M019,2025-01-01,Preventive,206.96
MT00933,M009,2025-07-07,Preventive,449.67
MT00934,M020,2025-07-21,Corrective,1296.71
MT00935,M016,2025-11-17,Inspection,235.34
MT00936,M007,2025-11-17,Preventive,322.08
MT00937,M005,2025-06-08,Inspection,167.69
MT00938,M014,2025-05-22,Corrective,976.88
MT00939,M011,2025-10-26,Preventive,290.45
MT00940,M009,2025-01-13,Corrective,812.3
MT00941,M003,2025-06-29,Corrective,2150.29
MT00942,M013,2025-05-22,Preventive,759.85
MT00943,M009,2025-11-03,Preventive,564.04
MT00944,M007,2025-07-26,Preventive,244.11
MT00945,M002,2025-08-22,Preventive,344.5
MT00946,M006,2025-12-02,Corrective,1301.45
MT00947,M008,2025-05-24,Emergency,4863.89
MT00948,M001,2025-05-16,Inspection,314.52
MT00949,M006,2025-10-15,Preventive,570.62
MT00950,M020,2025-07-05,Preventive,211.79
MT00951,M008,2025-07-16,Inspection,261.3
MT00952,M013,2025-03-19,Corrective,666.86
MT00953,M005,2025-10-26,Emergency,4484.74
MT00954,M004,2025-08-08,Preventive,222.23
MT00955,M020,2025-12-22,Inspection,134.03
MT00956,M004,2025-05-31,Emergency,1559.99
MT00957,M001,2025-04-19,Preventive,427.95
MT00958,M004,2025-05-03,Inspection,243.95
MT00959,M009,2025-12-02,Corrective,1164.51
MT00960,M003,2025-08-01,Corrective,1436.47
MT00961,M019,2025-07-24,Preventive,433.86
MT00962,M003,2025-09-09,Corrective,599.26
MT00963,M005,2025-03-14,Corrective,898.0
MT00964,M004,2025-12-27,Preventive,311.79
MT00965,M003,2025-04-18,Preventive,738.74
MT00966,M006,2025-05-07,Preventive,612.7
MT00967,M005,2025-10-06,Inspection,309.87
MT00968,M001,2025-07-01,Corrective,2019.99
MT00969,M009,2025-12-21,Preventive,217.29
MT00970,M003,2025-08-17,Corrective,1987.69
MT00971,M018,2025-08-08,Corrective,1799.0
MT00972,M018,2025-10-03,Preventive,572.84
MT00973,M018,2025-05-29,Preventive,254.68
MT00974,M013,2025-02-19,Preventive,234.61
MT00975,M017,2025-09-07,Preventive,430.37
MT00976,M015,2025-11-25,Preventive,720.8
MT00977,M006,2025-03-14,Emergency,1870.81
MT00978,M009,2025-03-13,Emergency,1634.87
MT00979,M018,2025-08-10,Preventive,621.28
MT00980,M003,2025-07-21,Corrective,732.98
MT00981,M011,2025-05-09,Preventive,799.49
MT00982,M018,2025-09-24,Inspection,169.64
MT00983,M009,2025-06-27,Corrective,942.14
MT00984,M015,2025-05-25,Corrective,1290.94
MT00985,M003,2025-04-20,Preventive,152.27
MT00986,M002,2025-08-23,Corrective,1212.09
MT00987,M012,2025-06-14,Preventive,291.0
MT00988,M005,2025-10-24,Preventive,324.26
MT00989,M008,2025-05-18,Corrective,983.29
MT00990,M019,2025-07-11,Preventive,389.88
MT00991,M020,2025-01-03,Inspection,223.86
MT00992,M009,2025-06-12,Emergency,2976.4
MT00993,M011,2025-10-06,Inspection,294.02
MT00994,M014,2025-01-15,Emergency,1711.71
MT00995,M014,2025-01-01,Preventive,760.26
MT00996,M007,2025-04-06,Preventive,578.6
MT00997,M004,2025-08-18,Preventive,318.38
MT00998,M016,2025-05-27,Corrective,746.53
MT00999,M005,2025-09-23,Preventive,429.27
MT01000,M017,2025-06-28,Preventive,716.48
MT01001,M008,2025-12-17,Emergency,1023.22
MT01002,M002,2025-08-06,Corrective,2206.13
MT01003,M017,2025-10-14,Inspection,136.19
MT01004,M001,2025-08-31,Corrective,1647.34
MT01005,M006,2025-09-21,Inspection,399.42
MT01006,M012,2025-10-25,Inspection,136.62
MT01007,M019,2025-02-28,Preventive,327.93
MT01008,M012,2025-03-15,Preventive,591.18
MT01009,M007,2025-09-09,Corrective,504.24
MT01010,M019,2025-03-22,Corrective,674.48
MT01011,M011,2025-10-25,Preventive,206.49
MT01012,M006,2025-01-08,Inspection,134.2
MT01013,M005,2025-11-03,Corrective,2172.27
MT01014,M019,2025-08-26,Corrective,2139.32
MT01015,M020,2025-09-27,Preventive,599.35
MT01016,M007,2025-12-08,Preventive,259.74
MT01017,M006,2025-01-18,Preventive,344.77
MT01018,M015,2025-10-10,Preventive,457.84
MT01019,M016,2025-01-17,Preventive,651.93
MT01020,M012,2025-02-23,Corrective,503.37
MT01021,M005,2025-07-14,Corrective,1016.74
MT01022,M018,2025-01-07,Corrective,2072.02
MT01023,M006,2025-07-09,Inspection,385.73
MT01024,M004,2025-01-26,Corrective,2386.74
MT01025,M005,2025-02-13,Inspection,286.76
MT01026,M013,2025-09-19,Preventive,775.53
MT01027,M019,2025-01-12,Emergency,3492.76
MT01028,M010,2025-08-22,Emergency,3311.39
MT01029,M015,2025-02-26,Preventive,221.49
MT01030,M008,2025-10-26,Inspection,209.84
MT01031,M008,2025-09-14,Corrective,1389.59
MT01032,M001,2025-12-23,Preventive,640.65
MT01033,M019,2025-03-16,Preventive,426.95
MT01034,M007,2025-05-23,Corrective,965.05
MT01035,M019,2025-04-28,Corrective,2355.63
MT01036,M014,2025-12-19,Preventive,558.66
MT01037,M006,2025-02-08,Preventive,676.14
MT01038,M011,2025-10-18,Corrective,1813.63
MT01039,M011,2025-11-01,Inspection,337.02
MT01040,M010,2025-02-11,Inspection,220.58
MT01041,M002,2025-12-02,Corrective,1382.23
MT01042,M003,2025-02-15,Corrective,1957.6
MT01043,M002,2025-12-27,Corrective,887.58
MT01044,M008,2025-04-07,Preventive,736.78
MT01045,M016,2025-11-16,Preventive,266.7
MT01046,M011,2025-05-17,Preventive,639.64
MT01047,M018,2025-02-14,Preventive,775.49
MT01048,M014,2025-10-06,Corrective,1282.98
MT01049,M009,2025-02-26,Emergency,3666.83
MT01050,M013,2025-10-05,Corrective,630.82
MT01051,M004,2025-06-25,Preventive,223.08
MT01052,M017,2025-12-23,Corrective,1703.41
MT01053,M020,2025-06-23,Corrective,1889.89
MT01054,M013,2025-02-28,Corrective,1083.01
MT01055,M016,2025-10-25,Preventive,283.44
MT01056,M014,2025-07-21,Corrective,1041.49
MT01057,M003,2025-03-03,Preventive,291.7
MT01058,M001,2025-08-19,Emergency,4964.87
MT01059,M019,2025-01-01,Corrective,1548.32
MT01060,M001,2025-03-01,Inspection,367.07
MT01061,M006,2025-05-07,Corrective,974.78
MT01062,M013,2025-05-19,Preventive,375.77
MT01063,M019,2025-05-16,Emergency,4292.14
MT01064,M017,2025-06-10,Preventive,545.11
MT01065,M019,2025-12-03,Corrective,1422.95
MT01066,M011,2025-12-01,Corrective,536.62
MT01067,M012,2025-08-19,Corrective,998.5
MT01068,M018,2025-05-03,Preventive,736.95
MT01069,M007,2025-01-21,Inspection,166.31
MT01070,M018,2025-11-05,Corrective,2406.36
MT01071,M010,2025-04-15,Preventive,551.06
MT01072,M020,2025-01-26,Corrective,2244.71
MT01073,M014,2025-01-18,Emergency,3346.23
MT01074,M003,2025-07-25,Corrective,1666.04
MT01075,M007,2025-12-26,Preventive,205.74
MT01076,M006,2025-08-29,Corrective,1217.65
MT01077,M008,2025-07-17,Preventive,609.95
MT01078,M011,2025-08-17,Preventive,516.55
MT01079,M014,2025-10-22,Corrective,983.99
MT01080,M013,2025-09-22,Preventive,440.82
MT01081,M015,2025-01-30,Corrective,1710.08
MT01082,M011,2025-07-09,Preventive,543.45
MT01083,M011,2025-01-14,Corrective,851.79
MT01084,M009,2025-09-13,Preventive,380.01
MT01085,M007,2025-07-02,Corrective,1647.29
MT01086,M014,2025-02-13,Corrective,1208.95
MT01087,M019,2025-06-20,Preventive,776.97
MT01088,M017,2025-05-11,Emergency,1423.98
MT01089,M014,2025-03-17,Inspection,245.51
MT01090,M001,2025-09-21,Corrective,1384.82
MT01091,M013,2025-11-19,Corrective,2485.84
MT01092,M008,2025-12-27,Corrective,769.26
MT01093,M002,2025-02-11,Corrective,1719.17
MT01094,M017,2025-04-22,Preventive,228.43
MT01095,M006,2025-08-05,Preventive,362.59
MT01096,M003,2025-09-29,Corrective,1758.33
MT01097,M006,2025-11-15,Corrective,1949.22
MT01098,M012,2025-08-26,Preventive,703.34
MT01099,M017,2025-10-07,Preventive,708.78
MT01100,M013,2025-06-09,Preventive,454.39
MT01101,M001,2025-12-25,Inspection,99.55
MT01102,M012,2025-12-04,Emergency,3433.06
MT01103,M003,2025-07-30,Preventive,269.36
MT01104,M012,2025-05-12,Preventive,504.29
MT01105,M012,2025-08-14,Corrective,584.22
MT01106,M019,2025-07-20,Preventive,704.94
MT01107,M003,2025-11-12,Preventive,791.13
MT01108,M001,2025-12-04,Corrective,1854.7
MT01109,M011,2025-10-28,Emergency,2214.08
MT01110,M019,2025-11-27,Preventive,424.81
MT01111,M012,2025-11-29,Corrective,703.81
MT01112,M008,2025-02-26,Preventive,508.58
MT01113,M007,2025-11-11,Corrective,2067.73
MT01114,M013,2025-12-11,Preventive,403.74
MT01115,M005,2025-07-25,Corrective,2178.38
MT01116,M001,2025-11-26,Preventive,778.79
MT01117,M011,2025-05-04,Preventive,462.53
MT01118,M013,2025-10-31,Corrective,2334.24
MT01119,M003,2025-06-27,Inspection,112.79
MT01120,M002,2025-03-09,Preventive,667.21
MT01121,M014,2025-08-13,Corrective,869.85
MT01122,M020,2025-01-22,Corrective,1285.17
MT01123,M004,2025-09-19,Preventive,519.73
MT01124,M014,2025-03-16,Corrective,1271.77
MT01125,M020,2025-04-16,Inspection,286.76
MT01126,M014,2025-07-03,Preventive,150.79
MT01127,M015,2025-08-25,Emergency,1693.6
MT01128,M017,2025-08-02,Preventive,193.77
MT01129,M014,2025-04-15,Preventive,214.08
MT01130,M009,2025-06-21,Corrective,2369.29
MT01131,M001,2025-08-20,Emergency,1328.93
MT01132,M007,2025-10-10,Preventive,569.97
MT01133,M002,2025-03-09,Corrective,508.22
MT01134,M008,2025-06-16,Inspection,93.79
MT01135,M010,2025-07-24,Corrective,435.85
MT01136,M012,2025-08-21,Preventive,293.05
MT01137,M011,2025-02-27,Inspection,209.15
MT01138,M011,2025-12-23,Corrective,2185.28
MT01139,M018,2025-04-01,Emergency,4527.18
MT01140,M004,2025-06-23,Preventive,654.82
MT01141,M008,2025-05-13,Corrective,899.28
MT01142,M004,2025-05-28,Corrective,1123.71
MT01143,M019,2025-12-27,Inspection,212.79
MT01144,M015,2025-07-06,Emergency,4006.69
MT01145,M020,2025-07-13,Preventive,286.01
MT01146,M005,2025-01-25,Preventive,254.64
MT01147,M018,2025-08-11,Inspection,308.13
MT01148,M001,2025-09-20,Preventive,212.17
MT01149,M003,2025-03-21,Inspection,346.18
MT01150,M009,2025-06-21,Preventive,779.78
MT01151,M005,2025-12-11,Preventive,766.15
MT01152,M004,2025-07-08,Preventive,504.08
MT01153,M007,2025-04-08,Emergency,2161.46
MT01154,M019,2025-11-30,Preventive,613.67
MT01155,M009,2025-10-31,Emergency,4975.14
MT01156,M012,2025-12-30,Preventive,723.81
MT01157,M019,2025-08-12,Corrective,1985.94
MT01158,M007,2025-07-12,Preventive,417.13
MT01159,M004,2025-02-22,Preventive,637.37
MT01160,M012,2025-01-23,Preventive,598.48
MT01161,M004,2025-09-03,Corrective,1727.33
MT01162,M012,2025-08-16,Preventive,786.67
MT01163,M006,2025-11-13,Corrective,837.2
MT01164,M005,2025-01-03,Preventive,270.2
MT01165,M015,2025-04-02,Preventive,209.51
MT01166,M007,2025-07-17,Preventive,580.34
MT01167,M012,2025-04-09,Corrective,2323.83
MT01168,M015,2025-11-03,Corrective,1716.45
MT01169,M003,2025-03-23,Emergency,1274.84
MT01170,M020,2025-03-10,Emergency,1646.77
MT01171,M020,2025-01-05,Inspection,377.97
MT01172,M002,2025-10-24,Preventive,424.09
MT01173,M009,2025-08-30,Preventive,231.69
MT01174,M004,2025-11-21,Emergency,3910.78
MT01175,M008,2025-02-17,Corrective,557.84
MT01176,M004,2025-02-09,Preventive,170.07
MT01177,M013,2025-12-15,Inspection,91.48
MT01178,M002,2025-06-19,Preventive,352.37
MT01179,M014,2025-06-24,Inspection,251.15
MT01180,M003,2025-07-25,Corrective,443.82
MT01181,M012,2025-10-08,Inspection,147.38
MT01182,M005,2025-12-18,Corrective,1364.69
MT01183,M008,2025-12-28,Inspection,344.33
MT01184,M001,2025-04-04,Corrective,749.7
MT01185,M009,2025-04-20,Preventive,493.72
MT01186,M001,2025-10-06,Inspection,237.35
MT01187,M014,2025-07-29,Corrective,1149.48
MT01188,M011,2025-08-31,Inspection,179.8
MT01189,M020,2025-10-20,Preventive,770.73
MT01190,M009,2025-10-11,Corrective,1289.78
MT01191,M010,2025-02-07,Preventive,372.62
MT01192,M009,2025-05-02,Preventive,528.28
MT01193,M003,2025-12-15,Emergency,4796.54
MT01194,M017,2025-07-27,Preventive,322.49
MT01195,M004,2025-08-27,Corrective,1571.83
MT01196,M009,2025-03-16,Preventive,591.37
MT01197,M010,2025-11-21,Corrective,984.71
MT01198,M018,2025-12-08,Inspection,177.21
MT01199,M013,2025-07-01,Inspection,329.06
MT01200,M011,2025-06-08,Preventive,202.24
